id,name,boxLabel
1,雨上がりの一番星,saki一箱
2,囚われのマリオネット,mfy一箱
3,全力！ワンダーハロウィン！,rui一箱
4,走れ！体育祭！～実行委員は大忙し～,体育混
5,ここからRE:START！,airi一箱
6,いつか、背中あわせのリリックを,an一箱
7,KAMIKOU FESTIVAL！,神山混
8,聖なる夜に、この歌声を,nene一箱
9,セカイのハッピーニューイヤー！,新年混
10,揺れるまま、でも君は前へ,hnm一箱
11,Color of Myself！,szk一箱
12,Period of NOCTURNE,toya一箱
13,響くトワイライトパレード,shiho
14,満たされないペイルカラー,ena一箱
15,スマイルオブドリーマー,emu一箱
16,天馬さんちのひな祭り,saki二箱
17,届け！HOPEFUL STAGE♪,mnr一箱
18,君と歌う、桜舞う世界で,樱花混
19,シークレット・ディスタンス,mzk一箱
20,Resonate with you,shiho一箱
21,STRAY BAD DOG,akt一箱
22,お悩み聞かせて！わくわくピクニック,ena
23,頑張るあなたにBreak Time！,hrk一箱
24,純白の貴方へ、誓いの歌を！,toya
25,ワンダーマジカルショウタイム！,tks一箱
26,カーネーション・リコレクション,knd一箱
27,Unnamed Harmony,saki三箱
28,Awakening Beat,khn一箱
29,夏祭り、鳴り響く音は,akt
30,きっと最高のsummer！,hnm
31,ハッピー・ラブリー・エブリデイ！,airi二箱
32,マーメイドにあこがれて,nene二箱
33,ふたり、月うさぎ,szk
34,Knock the Future!!,ick一箱
35,灯のミラージュ,mfy二箱
36,スクランブル・ファンフェスタ！,mnr
37,Bout for Beside You,an二箱
38,Revival my dream,rui二箱
39,ボクのあしあと キミのゆくさき,mzk二箱
40,揺るがぬ想い、今言葉にして,hnm二箱
41,バディ・ファニー・スペンドタイム♪,khn
42,交わる旋律 灯るぬくもり,mfy
43,MOREMOREMakingXmas,mnr二箱
44,"Same Dreams,Same Colors",toya二箱
45,祈りの先 願う明日は,hrk
46,POP IN MY HEART!!,emu二箱
47,いつか、絶望の底から,knd二箱
48,秘密の♡バレンタイン大作戦！,airi
49,Legend still vivid,khn二箱
50,あの日、空は遠かった,shiho二箱
51,怪盗紳士のハラハラ！？ホワイトデー,tks
52,Cast Spell on You,szk二箱
53,空白のキャンバスに描く私は,ena二箱
54,セカイの桜、つながる想い,miku
55,まばゆい光のステージで,tks二箱
56,Live with memories,ick二箱
57,つなぐPainful Hope,hrk二箱
58,白熱！神高応援団！,rui
59,THE POWER OF UNITY,akt二箱
60,青空に願うユア・ハピネス！,an
61,迷い子の手を引く、そのさきは,mfy三箱
62,絶体絶命！？アイランドパニック！,nene三箱
63,みんなでエンジョイ！スポジョイパーク,knd
64,The Vivid Old Tale,an三箱
65,No seek No find,saki四箱
66,close game/OFFLINE,nene
67,青空の先、輝きを追いかけて,airi三箱
68,そしていま、リボンを結んで,mzk三箱
69,Don't lose faith!,shiho三箱
70,好きを描いて♪レインボーキャンバス,ena
71,Walk on and on,toya三箱
72,この祭に 夕闇色も,mfy
73,拝啓、あの頃のわたしへ,mnr三箱
74,カーテンコールに惜別を,rui三箱
75,絶叫！？ オオカミの森へようこそ！,khn
76,Echo my melody,ick三箱
77,願いは、いつか朝をこえて,ena三箱
78,あの日の夢の、彼方向こうへ,hrk三箱
79,Find A Way Out,akt三箱
80,弓引け、白の世界で,szk
81,新春！ 獅子舞ロボのお正月ショー！,tks
82,夢の途中、輝く星たちへ,emu三箱
83,Little Bravers！,hnm三箱
84,キャンドルの香りは思い出と共に,ick
85,ほどかれた糸のその先に,szk三箱
86,Kick it up a notch,khn三箱
87,Never Give Up Cooking！,toya
88,天の果てのフェニックスへ,tks三箱
89,イミシブル・ディスコード,knd三箱
90,交響する街の片隅で,shiho
91,Get over it.,saki五箱
92,Re-tie Friendship,airi四箱
93,ボク達の生存逃走,mzk四箱
94,船出の前のワンデイトリップ,hrk
95,カナリアは窮境に歌う,nene四箱
96,隣に立つ、優しいあなたへ,hnm
97,Light Up the Fire,an四箱
98,STEP by STEP！,mnr四箱
99,一期一会な百鬼夜行！？,rui
100,仮面の私にさよならを,mfy四箱
101,つなぐ、星の歌,ick四箱
102,ドタバタ cafe ●REC!!,airi
103,On Your Feet,khn四箱
104,あたしたちのハッピーエンド,emu四箱
105,セカイに響け！Your Song,miku
106,君と紡ぐPrecious memories,saki
107,Let's study hard！,an
108,ハロー・グッド・デイ！,ick
109,BURN MY SOUL,akt四箱
110,Stick to your faith,shiho四箱
111,その手導くぬくもりは,szk四箱
112,水底に影を探して,
113,君が主役の物語を,tks四箱
114,最高のクランクアップ！,nene
115,あっちこっち飼育員体験！,mnr
116,あの日、奏でた音色を,knd四箱
117,変わらぬあたたかさの隣で,mzk
118,BREAK DOWN THE WALL,
119,逆光のレンズフレア,rui四箱
120,Take the Best Shot！,khn
121,導く勇気、優しさを胸に,hnm四箱
122,刻まれた傷は、やがて,mnr五箱
123,リラックスティータイム,knd
124,星を目指して、ヨーソロー！,
125,The first concerto,toya四箱
126,Rise as ONE！,akt
127,Knowing the Unseen,ena四箱
128,Parallel Harmonies,saki六箱
129,Whip the wimp girl!!,an五箱
130,いつか花咲くステージへ,
131,perspective for smile,emu五箱
132,みんなで配信♡WEDDING LIVE！,mnr
133,Lead to shine more,hrk四箱
134,灯を手繰りよせて,mfy五箱
135,OVER RAD SQUAD!!,khn五箱
136,お縄を頂戴！？天馬捕物帳,tks五箱
137,あの日見た夜空は、いつかの未来へ,
138,Chase my IDEAL IDOL！,airi五箱
139,鳴らせビューティフルサウンド！,toya
140,キミと、セカイの始まりで,
141,わんだほら～！？な肝だめし！,emu
142,鍛えてFLY！Muscle Training！,hrk
143,This moment with you！,ick五箱
144,想いをのせて！Dream Stage,nene
145,荊棘の道は何処へ,mzk五箱
146,Rekindle the flame,akt五箱
147,Happy Enjoy Music！,saki七箱
148,また、木の葉の色づく頃に,shiho
149,The Power Of Regret,nene五箱
150,傷だらけの手で、私達は,ena五箱
151,Grow glorious glow,szk五箱
152,Special present for YOU！,rui
153,Unfading wishing,akt
154,Time to take off！,toya五箱
155,Show your shine,knd
156,このひと針に想いを込めて,szk
157,Rise and Strive,hrk五箱
158,昔日のRead-aloud,hnm
159,Connect hearts message,saki
160,You are my HERO!!,tks
161,Unreliable Notes,knd五箱
162,Find the dream view,shiho五箱
163,Turning Pain into Drive,
164,Choices for the future,emu六箱
165,そして、針は動き出す,mfy六箱
166,チアフルカーニバルイベントテストイベント,
167,Dear my fellows,
168,Cheer with my Heart!,airi六箱
169,Aim higher and higher！,khn六箱
170,泡沫に抱かれて,
171,"ordinary,yet special us",
172,Deeper and deeper,rui五箱
173,"Unsteady, still steady step",hnm五箱
174,start rolling! stars' crossing,mnr六箱
175,Competitive fire！,an六箱
176,All ways Jump! with you,
177,ほどけぬ明日に手を伸ばして,mzk六箱
178,Deep Dark For Light,tks六箱
179,Link the Beats！,
180,Wishes in Bloom！,
181,Our Golden Days,an
182,君と繋ぐHeart Beat,ick六箱
183,交わる色はあの日のままに,szk六箱
184,Colors of Pure Sense,ena六箱
185,超克のプロタゴニスタ,nene六箱
186,第2回チアフルカーニバルイベントテストイベント,
187,Overcome one's limits,akt六箱
188,仰ぐ夜空に、星は紛れて,saki八箱
189,ともに、トゥルールートを目指して,mfy
190,この物語は希望をのせて,hrk六箱
191,新年言祝ぐ、祈りの舞,mnr
192,覚めない幻想をノックして,knd六箱
193,GO ALL OUT,toya六箱
194,粉砕せよ！アンヴァレンタインの復讐,tks
195,Path made by faith,shiho六箱
196,CHANGE！えむは王女さま！？,emu七箱
197,悪夢の庭を歌い明かして,ena
198,Open up new horizons！,airi七箱
199,Amid the Wavering Light,mzk七箱
200,残照のInside Direction,rui六箱
201,Show 'em what's up！,an七箱
202,約束のPasserelle,
